Daily activity - Tue Oct 14 09:16:24 UTC 2025
Daily activity - Wed Oct 15 09:16:07 UTC 2025
Daily activity - Thu Oct 16 09:16:36 UTC 2025
Daily activity - Fri Oct 17 09:16:09 UTC 2025
Daily activity - Sat Oct 18 09:13:36 UTC 2025
Daily activity - Sun Oct 19 09:13:08 UTC 2025
Daily activity - Mon Oct 20 09:17:36 UTC 2025
Daily activity - Tue Oct 21 09:16:04 UTC 2025
Daily activity - Wed Oct 22 09:17:09 UTC 2025
Daily activity - Thu Oct 23 09:16:11 UTC 2025
Daily activity - Fri Oct 24 09:16:23 UTC 2025
Daily activity - Sat Oct 25 09:13:17 UTC 2025
Daily activity - Sun Oct 26 09:13:11 UTC 2025
Daily activity - Mon Oct 27 09:18:47 UTC 2025
Daily activity - Tue Oct 28 09:16:15 UTC 2025
Daily activity - Wed Oct 29 09:15:42 UTC 2025
Daily activity - Thu Oct 30 09:16:13 UTC 2025
Daily activity - Fri Oct 31 09:15:58 UTC 2025
Daily activity - Sat Nov  1 09:14:01 UTC 2025
Daily activity - Sun Nov  2 09:13:06 UTC 2025
Daily activity - Mon Nov  3 09:18:42 UTC 2025
Daily activity - Tue Nov  4 09:17:34 UTC 2025
