Weekly commit 1 - Mon Oct 20 02:01:09 UTC 2025
Weekly commit 2 - Mon Oct 20 02:01:09 UTC 2025
Weekly commit 3 - Mon Oct 20 02:01:09 UTC 2025
Weekly commit 4 - Mon Oct 20 02:01:09 UTC 2025
Weekly commit 5 - Mon Oct 20 02:01:09 UTC 2025
Weekly commit 6 - Mon Oct 20 02:01:09 UTC 2025
Weekly commit 7 - Mon Oct 20 02:01:09 UTC 2025
Weekly commit 8 - Mon Oct 20 02:01:09 UTC 2025
Weekly commit 9 - Mon Oct 20 02:01:09 UTC 2025
Weekly commit 10 - Mon Oct 20 02:01:09 UTC 2025
Weekly commit 1 - Mon Oct 27 02:04:38 UTC 2025
Weekly commit 2 - Mon Oct 27 02:04:38 UTC 2025
Weekly commit 3 - Mon Oct 27 02:04:38 UTC 2025
Weekly commit 4 - Mon Oct 27 02:04:38 UTC 2025
Weekly commit 5 - Mon Oct 27 02:04:38 UTC 2025
Weekly commit 6 - Mon Oct 27 02:04:38 UTC 2025
Weekly commit 7 - Mon Oct 27 02:04:38 UTC 2025
Weekly commit 8 - Mon Oct 27 02:04:38 UTC 2025
Weekly commit 9 - Mon Oct 27 02:04:38 UTC 2025
Weekly commit 10 - Mon Oct 27 02:04:38 UTC 2025
Weekly commit 1 - Mon Nov  3 02:02:23 UTC 2025
Weekly commit 2 - Mon Nov  3 02:02:23 UTC 2025
Weekly commit 3 - Mon Nov  3 02:02:23 UTC 2025
Weekly commit 4 - Mon Nov  3 02:02:23 UTC 2025
Weekly commit 5 - Mon Nov  3 02:02:23 UTC 2025
Weekly commit 6 - Mon Nov  3 02:02:23 UTC 2025
Weekly commit 7 - Mon Nov  3 02:02:23 UTC 2025
Weekly commit 8 - Mon Nov  3 02:02:23 UTC 2025
Weekly commit 9 - Mon Nov  3 02:02:23 UTC 2025
Weekly commit 10 - Mon Nov  3 02:02:23 UTC 2025
Weekly commit 1 - Mon Nov 10 02:03:31 UTC 2025
Weekly commit 2 - Mon Nov 10 02:03:31 UTC 2025
Weekly commit 3 - Mon Nov 10 02:03:31 UTC 2025
Weekly commit 4 - Mon Nov 10 02:03:31 UTC 2025
Weekly commit 5 - Mon Nov 10 02:03:31 UTC 2025
Weekly commit 6 - Mon Nov 10 02:03:31 UTC 2025
Weekly commit 7 - Mon Nov 10 02:03:31 UTC 2025
Weekly commit 8 - Mon Nov 10 02:03:31 UTC 2025
Weekly commit 9 - Mon Nov 10 02:03:31 UTC 2025
Weekly commit 10 - Mon Nov 10 02:03:31 UTC 2025
Weekly commit 1 - Mon Nov 17 02:00:30 UTC 2025
Weekly commit 2 - Mon Nov 17 02:00:30 UTC 2025
Weekly commit 3 - Mon Nov 17 02:00:30 UTC 2025
Weekly commit 4 - Mon Nov 17 02:00:30 UTC 2025
Weekly commit 5 - Mon Nov 17 02:00:30 UTC 2025
Weekly commit 6 - Mon Nov 17 02:00:30 UTC 2025
Weekly commit 7 - Mon Nov 17 02:00:30 UTC 2025
Weekly commit 8 - Mon Nov 17 02:00:30 UTC 2025
Weekly commit 9 - Mon Nov 17 02:00:30 UTC 2025
Weekly commit 10 - Mon Nov 17 02:00:30 UTC 2025
Weekly commit 1 - Mon Nov 24 02:06:46 UTC 2025
Weekly commit 2 - Mon Nov 24 02:06:46 UTC 2025
Weekly commit 3 - Mon Nov 24 02:06:46 UTC 2025
Weekly commit 4 - Mon Nov 24 02:06:46 UTC 2025
Weekly commit 5 - Mon Nov 24 02:06:46 UTC 2025
Weekly commit 6 - Mon Nov 24 02:06:46 UTC 2025
Weekly commit 7 - Mon Nov 24 02:06:46 UTC 2025
Weekly commit 8 - Mon Nov 24 02:06:46 UTC 2025
Weekly commit 9 - Mon Nov 24 02:06:46 UTC 2025
Weekly commit 10 - Mon Nov 24 02:06:46 UTC 2025
Weekly commit 1 - Mon Dec  1 02:25:37 UTC 2025
Weekly commit 2 - Mon Dec  1 02:25:37 UTC 2025
Weekly commit 3 - Mon Dec  1 02:25:37 UTC 2025
Weekly commit 4 - Mon Dec  1 02:25:37 UTC 2025
Weekly commit 5 - Mon Dec  1 02:25:37 UTC 2025
Weekly commit 6 - Mon Dec  1 02:25:37 UTC 2025
Weekly commit 7 - Mon Dec  1 02:25:37 UTC 2025
Weekly commit 8 - Mon Dec  1 02:25:37 UTC 2025
Weekly commit 9 - Mon Dec  1 02:25:37 UTC 2025
Weekly commit 10 - Mon Dec  1 02:25:37 UTC 2025
Weekly commit 1 - Mon Dec  8 02:03:55 UTC 2025
Weekly commit 2 - Mon Dec  8 02:03:55 UTC 2025
Weekly commit 3 - Mon Dec  8 02:03:55 UTC 2025
Weekly commit 4 - Mon Dec  8 02:03:55 UTC 2025
Weekly commit 5 - Mon Dec  8 02:03:55 UTC 2025
Weekly commit 6 - Mon Dec  8 02:03:55 UTC 2025
Weekly commit 7 - Mon Dec  8 02:03:55 UTC 2025
Weekly commit 8 - Mon Dec  8 02:03:55 UTC 2025
Weekly commit 9 - Mon Dec  8 02:03:55 UTC 2025
Weekly commit 10 - Mon Dec  8 02:03:55 UTC 2025
Weekly commit 1 - Mon Dec 15 02:10:07 UTC 2025
Weekly commit 2 - Mon Dec 15 02:10:07 UTC 2025
Weekly commit 3 - Mon Dec 15 02:10:07 UTC 2025
Weekly commit 4 - Mon Dec 15 02:10:07 UTC 2025
Weekly commit 5 - Mon Dec 15 02:10:07 UTC 2025
Weekly commit 6 - Mon Dec 15 02:10:07 UTC 2025
Weekly commit 7 - Mon Dec 15 02:10:07 UTC 2025
Weekly commit 8 - Mon Dec 15 02:10:07 UTC 2025
Weekly commit 9 - Mon Dec 15 02:10:07 UTC 2025
Weekly commit 10 - Mon Dec 15 02:10:07 UTC 2025
Weekly commit 1 - Mon Dec 22 02:11:37 UTC 2025
Weekly commit 2 - Mon Dec 22 02:11:37 UTC 2025
Weekly commit 3 - Mon Dec 22 02:11:37 UTC 2025
Weekly commit 4 - Mon Dec 22 02:11:37 UTC 2025
Weekly commit 5 - Mon Dec 22 02:11:37 UTC 2025
Weekly commit 6 - Mon Dec 22 02:11:37 UTC 2025
Weekly commit 7 - Mon Dec 22 02:11:37 UTC 2025
Weekly commit 8 - Mon Dec 22 02:11:37 UTC 2025
Weekly commit 9 - Mon Dec 22 02:11:37 UTC 2025
Weekly commit 10 - Mon Dec 22 02:11:37 UTC 2025
Weekly commit 1 - Mon Dec 29 02:22:22 UTC 2025
Weekly commit 2 - Mon Dec 29 02:22:22 UTC 2025
Weekly commit 3 - Mon Dec 29 02:22:22 UTC 2025
Weekly commit 4 - Mon Dec 29 02:22:22 UTC 2025
Weekly commit 5 - Mon Dec 29 02:22:23 UTC 2025
Weekly commit 6 - Mon Dec 29 02:22:23 UTC 2025
Weekly commit 7 - Mon Dec 29 02:22:23 UTC 2025
Weekly commit 8 - Mon Dec 29 02:22:23 UTC 2025
Weekly commit 9 - Mon Dec 29 02:22:23 UTC 2025
Weekly commit 10 - Mon Dec 29 02:22:23 UTC 2025
Weekly commit 1 - Mon Jan  5 02:25:58 UTC 2026
Weekly commit 2 - Mon Jan  5 02:25:58 UTC 2026
Weekly commit 3 - Mon Jan  5 02:25:58 UTC 2026
Weekly commit 4 - Mon Jan  5 02:25:58 UTC 2026
Weekly commit 5 - Mon Jan  5 02:25:58 UTC 2026
Weekly commit 6 - Mon Jan  5 02:25:58 UTC 2026
Weekly commit 7 - Mon Jan  5 02:25:58 UTC 2026
Weekly commit 8 - Mon Jan  5 02:25:58 UTC 2026
Weekly commit 9 - Mon Jan  5 02:25:58 UTC 2026
Weekly commit 10 - Mon Jan  5 02:25:58 UTC 2026
Weekly commit 1 - Mon Jan 12 02:22:02 UTC 2026
Weekly commit 2 - Mon Jan 12 02:22:02 UTC 2026
Weekly commit 3 - Mon Jan 12 02:22:02 UTC 2026
Weekly commit 4 - Mon Jan 12 02:22:02 UTC 2026
Weekly commit 5 - Mon Jan 12 02:22:02 UTC 2026
Weekly commit 6 - Mon Jan 12 02:22:02 UTC 2026
Weekly commit 7 - Mon Jan 12 02:22:02 UTC 2026
Weekly commit 8 - Mon Jan 12 02:22:02 UTC 2026
Weekly commit 9 - Mon Jan 12 02:22:02 UTC 2026
Weekly commit 10 - Mon Jan 12 02:22:02 UTC 2026
Weekly commit 1 - Mon Jan 19 02:22:24 UTC 2026
Weekly commit 2 - Mon Jan 19 02:22:24 UTC 2026
Weekly commit 3 - Mon Jan 19 02:22:24 UTC 2026
Weekly commit 4 - Mon Jan 19 02:22:24 UTC 2026
Weekly commit 5 - Mon Jan 19 02:22:24 UTC 2026
Weekly commit 6 - Mon Jan 19 02:22:24 UTC 2026
Weekly commit 7 - Mon Jan 19 02:22:24 UTC 2026
Weekly commit 8 - Mon Jan 19 02:22:24 UTC 2026
Weekly commit 9 - Mon Jan 19 02:22:24 UTC 2026
Weekly commit 10 - Mon Jan 19 02:22:24 UTC 2026
Weekly commit 1 - Mon Jan 26 02:27:36 UTC 2026
Weekly commit 2 - Mon Jan 26 02:27:36 UTC 2026
Weekly commit 3 - Mon Jan 26 02:27:36 UTC 2026
Weekly commit 4 - Mon Jan 26 02:27:36 UTC 2026
Weekly commit 5 - Mon Jan 26 02:27:36 UTC 2026
Weekly commit 6 - Mon Jan 26 02:27:36 UTC 2026
Weekly commit 7 - Mon Jan 26 02:27:36 UTC 2026
Weekly commit 8 - Mon Jan 26 02:27:36 UTC 2026
Weekly commit 9 - Mon Jan 26 02:27:36 UTC 2026
Weekly commit 10 - Mon Jan 26 02:27:36 UTC 2026
Weekly commit 1 - Mon Feb  2 02:46:41 UTC 2026
Weekly commit 2 - Mon Feb  2 02:46:41 UTC 2026
Weekly commit 3 - Mon Feb  2 02:46:41 UTC 2026
Weekly commit 4 - Mon Feb  2 02:46:41 UTC 2026
Weekly commit 5 - Mon Feb  2 02:46:41 UTC 2026
Weekly commit 6 - Mon Feb  2 02:46:41 UTC 2026
Weekly commit 7 - Mon Feb  2 02:46:41 UTC 2026
Weekly commit 8 - Mon Feb  2 02:46:41 UTC 2026
Weekly commit 9 - Mon Feb  2 02:46:41 UTC 2026
Weekly commit 10 - Mon Feb  2 02:46:41 UTC 2026
Weekly commit 1 - Mon Feb  9 02:47:34 UTC 2026
Weekly commit 2 - Mon Feb  9 02:47:34 UTC 2026
Weekly commit 3 - Mon Feb  9 02:47:35 UTC 2026
Weekly commit 4 - Mon Feb  9 02:47:35 UTC 2026
Weekly commit 5 - Mon Feb  9 02:47:35 UTC 2026
Weekly commit 6 - Mon Feb  9 02:47:35 UTC 2026
Weekly commit 7 - Mon Feb  9 02:47:35 UTC 2026
Weekly commit 8 - Mon Feb  9 02:47:35 UTC 2026
Weekly commit 9 - Mon Feb  9 02:47:35 UTC 2026
Weekly commit 10 - Mon Feb  9 02:47:35 UTC 2026
Weekly commit 1 - Mon Feb 16 02:46:03 UTC 2026
Weekly commit 2 - Mon Feb 16 02:46:03 UTC 2026
Weekly commit 3 - Mon Feb 16 02:46:03 UTC 2026
Weekly commit 4 - Mon Feb 16 02:46:03 UTC 2026
Weekly commit 5 - Mon Feb 16 02:46:03 UTC 2026
Weekly commit 6 - Mon Feb 16 02:46:03 UTC 2026
Weekly commit 7 - Mon Feb 16 02:46:03 UTC 2026
Weekly commit 8 - Mon Feb 16 02:46:03 UTC 2026
Weekly commit 9 - Mon Feb 16 02:46:03 UTC 2026
Weekly commit 10 - Mon Feb 16 02:46:03 UTC 2026
Weekly commit 1 - Mon Feb 23 02:46:21 UTC 2026
Weekly commit 2 - Mon Feb 23 02:46:21 UTC 2026
Weekly commit 3 - Mon Feb 23 02:46:21 UTC 2026
Weekly commit 4 - Mon Feb 23 02:46:21 UTC 2026
